time_interval,y_true,y_pred,model,square_id
2013-12-16 00:00:00+00:00,162.58123779296875,96.509445,GRU,4159
2013-12-16 00:10:00+00:00,48.1742902242889,108.37392,GRU,4159
2013-12-16 00:20:00+00:00,69.59808722138405,99.375305,GRU,4159
2013-12-16 00:30:00+00:00,45.77043691494813,97.430984,GRU,4159
2013-12-16 00:40:00+00:00,43.85349961556494,91.65959,GRU,4159
2013-12-16 00:50:00+00:00,133.63433837890625,86.49845,GRU,4159
2013-12-16 01:00:00+00:00,68.29879708588123,95.46251,GRU,4159
2013-12-16 01:10:00+00:00,63.782892510294914,91.627625,GRU,4159
2013-12-16 01:20:00+00:00,61.06888524023816,89.026405,GRU,4159
2013-12-16 01:30:00+00:00,56.692912966012955,86.69168,GRU,4159
2013-12-16 01:40:00+00:00,41.26014960805575,84.005135,GRU,4159
2013-12-16 01:50:00+00:00,59.2832140061073,79.28817,GRU,4159
2013-12-16 02:00:00+00:00,60.53250876069069,78.16659,GRU,4159
2013-12-16 02:10:00+00:00,117.15630340576172,77.02019,GRU,4159
2013-12-16 02:20:00+00:00,131.0527801513672,84.63533,GRU,4159
2013-12-16 02:30:00+00:00,58.549819383304566,92.59529,GRU,4159
2013-12-16 02:40:00+00:00,114.15965270996094,88.43729,GRU,4159
2013-12-16 02:50:00+00:00,115.47610473632812,95.116615,GRU,4159
2013-12-16 03:00:00+00:00,56.18654961884022,100.09335,GRU,4159
2013-12-16 03:10:00+00:00,53.02092733979225,95.091286,GRU,4159
2013-12-16 03:20:00+00:00,115.54156494140625,91.46984,GRU,4159
2013-12-16 03:30:00+00:00,110.48829650878906,97.74394,GRU,4159
2013-12-16 03:40:00+00:00,51.26816112175584,100.92046,GRU,4159
2013-12-16 03:50:00+00:00,108.52955627441406,94.54707,GRU,4159
2013-12-16 04:00:00+00:00,106.0781478881836,99.156586,GRU,4159
2013-12-16 04:10:00+00:00,53.3231194652617,101.63061,GRU,4159
2013-12-16 04:20:00+00:00,111.90518188476562,95.57655,GRU,4159
2013-12-16 04:30:00+00:00,109.28907775878906,100.46622,GRU,4159
2013-12-16 04:40:00+00:00,51.39943304657936,103.11615,GRU,4159
2013-12-16 04:50:00+00:00,54.5310167404823,96.44118,GRU,4159
2013-12-16 05:00:00+00:00,111.58811950683594,92.423065,GRU,4159
2013-12-16 05:10:00+00:00,37.42359930276871,97.497986,GRU,4159
2013-12-16 05:20:00+00:00,39.73390631315609,89.19552,GRU,4159
2013-12-16 05:30:00+00:00,64.47421269118786,83.78026,GRU,4159
2013-12-16 05:40:00+00:00,122.78060913085938,82.81603,GRU,4159
2013-12-16 05:50:00+00:00,117.5372543334961,90.23393,GRU,4159
2013-12-16 06:00:00+00:00,64.06057682959363,94.9696,GRU,4159
2013-12-16 06:10:00+00:00,47.75146469349662,91.275955,GRU,4159
2013-12-16 06:20:00+00:00,163.56182861328125,86.96263,GRU,4159
2013-12-16 06:30:00+00:00,85.70832009613514,101.124916,GRU,4159
2013-12-16 06:40:00+00:00,86.43028096854687,99.31019,GRU,4159
2013-12-16 06:50:00+00:00,241.03952026367188,99.41479,GRU,4159
2013-12-16 07:00:00+00:00,117.82771244971082,122.815636,GRU,4159
2013-12-16 07:10:00+00:00,80.59728969354182,121.356415,GRU,4159
2013-12-16 07:20:00+00:00,88.65041102965672,117.15519,GRU,4159
2013-12-16 07:30:00+00:00,64.66431996226311,115.97406,GRU,4159
2013-12-16 07:40:00+00:00,101.57060675260921,110.62828,GRU,4159
2013-12-16 07:50:00+00:00,167.80041508376598,111.66555,GRU,4159
2013-12-16 08:00:00+00:00,117.73393471042316,121.44407,GRU,4159
2013-12-16 08:10:00+00:00,118.46899382490665,120.75496,GRU,4159
2013-12-16 08:20:00+00:00,125.11125554641087,121.52799,GRU,4159
2013-12-16 08:30:00+00:00,141.79094529151917,123.48177,GRU,4159
2013-12-16 08:40:00+00:00,130.90689266721407,127.575035,GRU,4159
2013-12-16 08:50:00+00:00,207.38570070266724,129.0138,GRU,4159
2013-12-16 09:00:00+00:00,79.89772557020187,142.09239,GRU,4159
2013-12-16 09:10:00+00:00,80.75458462499083,131.95284,GRU,4159
2013-12-16 09:20:00+00:00,80.62382979989052,126.62605,GRU,4159
2013-12-16 09:30:00+00:00,102.83642657101154,122.01569,GRU,4159
2013-12-16 09:40:00+00:00,104.30370872630738,120.93247,GRU,4159
2013-12-16 09:50:00+00:00,140.04644852876663,119.33216,GRU,4159
2013-12-16 10:00:00+00:00,103.98050057142973,123.24358,GRU,4159
2013-12-16 10:10:00+00:00,110.12778842449188,120.423515,GRU,4159
2013-12-16 10:20:00+00:00,102.19469176232815,119.92164,GRU,4159
2013-12-16 10:30:00+00:00,217.31025910377502,118.335144,GRU,4159
2013-12-16 10:40:00+00:00,149.19427546299994,134.55728,GRU,4159
2013-12-16 10:50:00+00:00,105.9100190103054,135.85463,GRU,4159
2013-12-16 11:00:00+00:00,114.26974423229694,131.97746,GRU,4159
2013-12-16 11:10:00+00:00,117.15041261911392,131.40231,GRU,4159
2013-12-16 11:20:00+00:00,160.82672409216562,131.04361,GRU,4159
2013-12-16 11:30:00+00:00,118.39641294628382,137.01501,GRU,4159
2013-12-16 11:40:00+00:00,110.01531508564949,134.41505,GRU,4159
2013-12-16 11:50:00+00:00,112.55170319229364,131.83258,GRU,4159
2013-12-16 12:00:00+00:00,171.07012708981833,130.27162,GRU,4159
2013-12-16 12:10:00+00:00,167.1703189512094,137.69128,GRU,4159
2013-12-16 12:20:00+00:00,100.29414504766464,142.06274,GRU,4159
2013-12-16 12:30:00+00:00,129.89000176638365,135.59166,GRU,4159
2013-12-16 12:40:00+00:00,160.02644008398056,136.52214,GRU,4159
2013-12-16 12:50:00+00:00,153.1831724345684,141.27089,GRU,4159
2013-12-16 13:00:00+00:00,157.4525560537974,143.37447,GRU,4159
2013-12-16 13:10:00+00:00,235.43922048807144,145.9639,GRU,4159
2013-12-16 13:20:00+00:00,110.94462538673542,160.00163,GRU,4159
2013-12-16 13:30:00+00:00,114.75349744409323,150.99341,GRU,4159
2013-12-16 13:40:00+00:00,158.49755368505916,147.32413,GRU,4159
2013-12-16 13:50:00+00:00,211.70491130650043,151.01582,GRU,4159
2013-12-16 14:00:00+00:00,115.97974309325218,160.75723,GRU,4159
2013-12-16 14:10:00+00:00,110.8504437059164,152.70418,GRU,4159
2013-12-16 14:20:00+00:00,90.60890890359879,147.59328,GRU,4159
2013-12-16 14:30:00+00:00,146.9299232661724,140.33676,GRU,4159
2013-12-16 14:40:00+00:00,105.06558937579393,142.97789,GRU,4159
2013-12-16 14:50:00+00:00,115.04106542468071,137.13898,GRU,4159
2013-12-16 15:00:00+00:00,89.44876327645034,134.49608,GRU,4159
2013-12-16 15:10:00+00:00,105.15348034352064,128.12172,GRU,4159
2013-12-16 15:20:00+00:00,110.48829598887824,125.64828,GRU,4159
2013-12-16 15:30:00+00:00,153.64574318130812,123.99794,GRU,4159
2013-12-16 15:40:00+00:00,408.2061767578125,129.0589,GRU,4159
2013-12-16 15:50:00+00:00,111.04060713318177,169.6556,GRU,4159
2013-12-16 16:00:00+00:00,87.52125687729567,154.55171,GRU,4159
2013-12-16 16:10:00+00:00,136.70269784331322,146.57686,GRU,4159
2013-12-16 16:20:00+00:00,132.7066232531021,149.11305,GRU,4159
2013-12-16 16:30:00+00:00,78.67814044319093,148.61143,GRU,4159
2013-12-16 16:40:00+00:00,105.16238271445036,138.96674,GRU,4159
2013-12-16 16:50:00+00:00,105.23690713685937,135.75865,GRU,4159
2013-12-16 17:00:00+00:00,136.14676771778613,132.05708,GRU,4159
2013-12-16 17:10:00+00:00,100.7915486113634,133.30919,GRU,4159
2013-12-16 17:20:00+00:00,125.10240278858691,128.22173,GRU,4159
2013-12-16 17:30:00+00:00,77.53820737600327,128.52078,GRU,4159
2013-12-16 17:40:00+00:00,52.837618662199624,121.068886,GRU,4159
2013-12-16 17:50:00+00:00,78.49908340140246,111.93587,GRU,4159
2013-12-16 18:00:00+00:00,77.22316411463544,108.57311,GRU,4159
2013-12-16 18:10:00+00:00,157.55467167822644,104.74644,GRU,4159
2013-12-16 18:20:00+00:00,147.36855965852737,113.58057,GRU,4159
2013-12-16 18:30:00+00:00,61.11292814873159,118.33743,GRU,4159
2013-12-16 18:40:00+00:00,57.79607566129416,109.66017,GRU,4159
2013-12-16 18:50:00+00:00,98.9875794549783,104.05076,GRU,4159
2013-12-16 19:00:00+00:00,69.66493231803179,105.64792,GRU,4159
2013-12-16 19:10:00+00:00,69.49222485721111,101.352005,GRU,4159
2013-12-16 19:20:00+00:00,61.77223255764693,98.02753,GRU,4159
2013-12-16 19:30:00+00:00,138.15011601150036,93.95877,GRU,4159
2013-12-16 19:40:00+00:00,69.05262676044367,102.175766,GRU,4159
2013-12-16 19:50:00+00:00,76.39721025247127,97.38673,GRU,4159
2013-12-16 20:00:00+00:00,116.08495116233826,95.94163,GRU,4159
2013-12-16 20:10:00+00:00,78.46192240932335,100.82491,GRU,4159
2013-12-16 20:20:00+00:00,115.02914372412488,98.50474,GRU,4159
2013-12-16 20:30:00+00:00,206.91139221191406,102.893715,GRU,4159
2013-12-16 20:40:00+00:00,206.5927276611328,119.86261,GRU,4159
2013-12-16 20:50:00+00:00,74.60722790379077,132.73831,GRU,4159
2013-12-16 21:00:00+00:00,50.27381510613486,123.63361,GRU,4159
2013-12-16 21:10:00+00:00,106.29214315116405,115.716515,GRU,4159
2013-12-16 21:20:00+00:00,70.70017462192725,118.07617,GRU,4159
2013-12-16 21:30:00+00:00,105.36961308447644,112.57556,GRU,4159
2013-12-16 21:40:00+00:00,122.08453373610973,113.33708,GRU,4159
2013-12-16 21:50:00+00:00,81.13314450780551,115.63137,GRU,4159
2013-12-16 22:00:00+00:00,123.20315439160913,110.900375,GRU,4159
2013-12-16 22:10:00+00:00,79.007974914896,114.29168,GRU,4159
2013-12-16 22:20:00+00:00,73.664339266407,109.66893,GRU,4159
2013-12-16 22:30:00+00:00,54.245471434434876,105.81045,GRU,4159
2013-12-16 22:40:00+00:00,78.9942816120262,99.60141,GRU,4159
2013-12-16 22:50:00+00:00,75.53344757575542,98.291794,GRU,4159
2013-12-16 23:00:00+00:00,119.79073338210583,96.002556,GRU,4159
2013-12-16 23:10:00+00:00,76.15236846047144,100.80879,GRU,4159
2013-12-16 23:20:00+00:00,168.8882598876953,97.61544,GRU,4159
2013-12-16 23:30:00+00:00,190.6713409423828,110.000305,GRU,4159
2013-12-16 23:40:00+00:00,54.80945440707728,122.47277,GRU,4159
2013-12-16 23:50:00+00:00,78.24587617721409,111.98805,GRU,4159
2013-12-17 00:00:00+00:00,155.95970153808594,110.19001,GRU,4159
2013-12-17 00:10:00+00:00,33.43288498534821,119.934746,GRU,4159
2013-12-17 00:20:00+00:00,45.88139308709651,107.209,GRU,4159
2013-12-17 00:30:00+00:00,34.302494287490845,100.67349,GRU,4159
2013-12-17 00:40:00+00:00,123.49018096923828,92.7306,GRU,4159
2013-12-17 00:50:00+00:00,43.89474303958317,99.197815,GRU,4159
2013-12-17 01:00:00+00:00,69.07220402685925,90.79879,GRU,4159
2013-12-17 01:10:00+00:00,61.76407609786838,89.05739,GRU,4159
2013-12-17 01:20:00+00:00,65.141723069828,86.19752,GRU,4159
2013-12-17 01:30:00+00:00,59.5730203720741,84.4208,GRU,4159
2013-12-17 01:40:00+00:00,57.210063979029655,82.06697,GRU,4159
2013-12-17 01:50:00+00:00,58.433017167728394,79.85854,GRU,4159
2013-12-17 02:00:00+00:00,59.322123918216676,78.25753,GRU,4159
2013-12-17 02:10:00+00:00,109.44100189208984,77.04721,GRU,4159
2013-12-17 02:20:00+00:00,118.72982025146484,83.67338,GRU,4159
2013-12-17 02:30:00+00:00,60.0237039658241,90.12719,GRU,4159
2013-12-17 02:40:00+00:00,52.15798893896863,86.79584,GRU,4159
2013-12-17 02:50:00+00:00,114.99262237548828,84.09717,GRU,4159
2013-12-17 03:00:00+00:00,37.37831401048849,91.482346,GRU,4159
2013-12-17 03:10:00+00:00,51.8089708420448,84.583336,GRU,4159
2013-12-17 03:20:00+00:00,113.72734069824219,82.219604,GRU,4159
2013-12-17 03:30:00+00:00,57.217299852054566,89.23111,GRU,4159
2013-12-17 03:40:00+00:00,47.34801808325574,85.41014,GRU,4159
2013-12-17 03:50:00+00:00,115.95390319824219,81.6719,GRU,4159
2013-12-17 04:00:00+00:00,116.54417419433594,89.140884,GRU,4159
2013-12-17 04:10:00+00:00,54.06161442724988,94.44575,GRU,4159
2013-12-17 04:20:00+00:00,38.35422215020905,89.50542,GRU,4159
2013-12-17 04:30:00+00:00,61.94448796240613,84.24392,GRU,4159
2013-12-17 04:40:00+00:00,96.06013488769531,83.54646,GRU,4159
2013-12-17 04:50:00+00:00,60.208983812015504,87.391365,GRU,4159
2013-12-17 05:00:00+00:00,119.8582763671875,84.47269,GRU,4159
2013-12-17 05:10:00+00:00,52.35940495459363,91.76362,GRU,4159
2013-12-17 05:20:00+00:00,63.88010735809803,86.81301,GRU,4159
2013-12-17 05:30:00+00:00,69.81869450537488,85.692825,GRU,4159
2013-12-17 05:40:00+00:00,59.69063511816785,85.44173,GRU,4159
2013-12-17 05:50:00+00:00,144.73672485351562,83.39471,GRU,4159
2013-12-17 06:00:00+00:00,70.63658085791394,94.614525,GRU,4159
2013-12-17 06:10:00+00:00,43.5657573165372,91.60304,GRU,4159
2013-12-17 06:20:00+00:00,74.47565464675426,86.39714,GRU,4159
2013-12-17 06:30:00+00:00,57.20165758269528,87.30612,GRU,4159
2013-12-17 06:40:00+00:00,41.01353019056842,84.62697,GRU,4159
2013-12-17 06:50:00+00:00,99.18552342383191,79.90997,GRU,4159
2013-12-17 07:00:00+00:00,110.88431560993195,84.90758,GRU,4159
2013-12-17 07:10:00+00:00,68.82530311960727,89.98202,GRU,4159
2013-12-17 07:20:00+00:00,114.30632669385523,87.867195,GRU,4159
2013-12-17 07:30:00+00:00,65.3733357579913,94.05056,GRU,4159
2013-12-17 07:40:00+00:00,95.06826856732368,91.18424,GRU,4159
2013-12-17 07:50:00+00:00,61.65079449675977,94.21064,GRU,4159
2013-12-17 08:00:00+00:00,65.01359930168837,91.08724,GRU,4159
2013-12-17 08:10:00+00:00,162.80125212669373,89.406654,GRU,4159
2013-12-17 08:20:00+00:00,88.82780374330468,102.56393,GRU,4159
2013-12-17 08:30:00+00:00,193.09684762358665,100.859726,GRU,4159
2013-12-17 08:40:00+00:00,101.97367611527443,116.75831,GRU,4159
2013-12-17 08:50:00+00:00,214.42605693638325,114.792206,GRU,4159
2013-12-17 09:00:00+00:00,105.42876349878497,132.21364,GRU,4159
2013-12-17 09:10:00+00:00,130.99191390474638,128.22911,GRU,4159
2013-12-17 09:20:00+00:00,107.37882967456244,131.25742,GRU,4159
2013-12-17 09:30:00+00:00,103.83019892126322,129.61372,GRU,4159
2013-12-17 09:40:00+00:00,109.73781609535217,127.7905,GRU,4159
2013-12-17 09:50:00+00:00,209.23669536411762,126.86878,GRU,4159
2013-12-17 10:00:00+00:00,108.4836347119417,140.69958,GRU,4159
2013-12-17 10:10:00+00:00,396.8081359863281,134.82315,GRU,4159
2013-12-17 10:20:00+00:00,143.08901031812033,174.77962,GRU,4159
2013-12-17 10:30:00+00:00,138.6817700288569,164.65578,GRU,4159
2013-12-17 10:40:00+00:00,140.90466198759773,162.34302,GRU,4159
2013-12-17 10:50:00+00:00,432.3448791503906,161.75037,GRU,4159
2013-12-17 11:00:00+00:00,216.56912334263325,203.63379,GRU,4159
2013-12-17 11:10:00+00:00,142.52760861534625,199.03374,GRU,4159
2013-12-17 11:20:00+00:00,227.06361393630505,189.32959,GRU,4159
2013-12-17 11:30:00+00:00,152.22186998743564,197.84529,GRU,4159
2013-12-17 11:40:00+00:00,163.32893911221376,190.55649,GRU,4159
2013-12-17 11:50:00+00:00,120.1326971873641,187.58482,GRU,4159
2013-12-17 12:00:00+00:00,256.8782664090395,177.63028,GRU,4159
2013-12-17 12:10:00+00:00,231.1973419636488,190.88084,GRU,4159
2013-12-17 12:20:00+00:00,155.59289588748166,194.28586,GRU,4159
2013-12-17 12:30:00+00:00,149.64654619495073,185.79681,GRU,4159
2013-12-17 12:40:00+00:00,454.90283203125,180.3843,GRU,4159
2013-12-17 12:50:00+00:00,163.59767624953142,221.33125,GRU,4159
2013-12-17 13:00:00+00:00,158.00408900994807,203.70409,GRU,4159
2013-12-17 13:10:00+00:00,146.3903976175934,196.85152,GRU,4159
2013-12-17 13:20:00+00:00,84.75446127317846,190.74414,GRU,4159
2013-12-17 13:30:00+00:00,89.62836659085005,175.63264,GRU,4159
2013-12-17 13:40:00+00:00,202.3804647922516,164.6217,GRU,4159
2013-12-17 13:50:00+00:00,147.29474650820097,171.71577,GRU,4159
2013-12-17 14:00:00+00:00,150.94343132774034,165.88089,GRU,4159
2013-12-17 14:10:00+00:00,145.93720201589167,162.6759,GRU,4159
2013-12-17 14:20:00+00:00,148.56762360005328,159.51883,GRU,4159
2013-12-17 14:30:00+00:00,237.7383264633827,157.5782,GRU,4159
2013-12-17 14:40:00+00:00,247.37972974777222,169.57413,GRU,4159
2013-12-17 14:50:00+00:00,161.18750074505806,179.21916,GRU,4159
2013-12-17 15:00:00+00:00,242.98530188202858,174.03549,GRU,4159
2013-12-17 15:10:00+00:00,160.2790396831309,185.15413,GRU,4159
2013-12-17 15:20:00+00:00,116.42912187590264,179.90266,GRU,4159
2013-12-17 15:30:00+00:00,152.8429445127646,170.77309,GRU,4159
2013-12-17 15:40:00+00:00,219.3301086872816,170.05463,GRU,4159
2013-12-17 15:50:00+00:00,154.25751755634943,178.211,GRU,4159
2013-12-17 16:00:00+00:00,477.70269775390625,172.87871,GRU,4159
2013-12-17 16:10:00+00:00,194.5739288777113,217.41452,GRU,4159
2013-12-17 16:20:00+00:00,218.76688992977142,204.77412,GRU,4159
2013-12-17 16:30:00+00:00,144.0801693322137,206.5213,GRU,4159
2013-12-17 16:40:00+00:00,108.88966240733862,196.92322,GRU,4159
2013-12-17 16:50:00+00:00,140.17370500167212,185.37462,GRU,4159
2013-12-17 17:00:00+00:00,409.9019775390625,181.0755,GRU,4159
2013-12-17 17:10:00+00:00,90.09505279362202,215.74202,GRU,4159
2013-12-17 17:20:00+00:00,176.24353031814098,188.28473,GRU,4159
2013-12-17 17:30:00+00:00,105.72751766443253,188.42455,GRU,4159
2013-12-17 17:40:00+00:00,76.64481975138187,175.88203,GRU,4159
2013-12-17 17:50:00+00:00,80.60587257146835,161.97621,GRU,4159
2013-12-17 18:00:00+00:00,140.09721378982067,151.08473,GRU,4159
2013-12-17 18:10:00+00:00,147.4885559529066,150.23854,GRU,4159
2013-12-17 18:20:00+00:00,100.45800787210464,148.8362,GRU,4159
2013-12-17 18:30:00+00:00,143.9894266873598,140.18204,GRU,4159
2013-12-17 18:40:00+00:00,135.48963871924207,140.99756,GRU,4159
2013-12-17 18:50:00+00:00,93.10868214226018,139.75156,GRU,4159
2013-12-17 19:00:00+00:00,86.807779602396,132.48694,GRU,4159
2013-12-17 19:10:00+00:00,66.14593087299727,126.53583,GRU,4159
2013-12-17 19:20:00+00:00,89.81731166442235,118.41866,GRU,4159
2013-12-17 19:30:00+00:00,70.1850471640937,115.40782,GRU,4159
2013-12-17 19:40:00+00:00,65.28520705550909,109.14136,GRU,4159
2013-12-17 19:50:00+00:00,120.85727536678314,103.334564,GRU,4159
2013-12-17 20:00:00+00:00,62.52890261425637,107.008354,GRU,4159
2013-12-17 20:10:00+00:00,118.28160700201988,100.28779,GRU,4159
2013-12-17 20:20:00+00:00,78.2520319322745,104.423035,GRU,4159
2013-12-17 20:30:00+00:00,66.78524392098188,101.06018,GRU,4159
2013-12-17 20:40:00+00:00,114.72049717605114,97.319855,GRU,4159
2013-12-17 20:50:00+00:00,122.05328312842175,101.798355,GRU,4159
2013-12-17 21:00:00+00:00,132.40159611403942,105.86774,GRU,4159
2013-12-17 21:10:00+00:00,81.95149158655356,110.88952,GRU,4159
2013-12-17 21:20:00+00:00,110.79215840995312,107.48045,GRU,4159
2013-12-17 21:30:00+00:00,51.346151186339554,110.22983,GRU,4159
2013-12-17 21:40:00+00:00,77.74888576287776,102.77953,GRU,4159
2013-12-17 21:50:00+00:00,78.37119214981794,101.50026,GRU,4159
2013-12-17 22:00:00+00:00,57.24999625235796,99.72312,GRU,4159
2013-12-17 22:10:00+00:00,206.6431427001953,94.649864,GRU,4159
2013-12-17 22:20:00+00:00,69.3203531227385,113.10365,GRU,4159
2013-12-17 22:30:00+00:00,108.45700016943738,105.557465,GRU,4159
2013-12-17 22:40:00+00:00,106.6780684441328,108.23081,GRU,4159
2013-12-17 22:50:00+00:00,296.5664367675781,109.785736,GRU,4159
2013-12-17 23:00:00+00:00,85.13866533059627,139.19171,GRU,4159
2013-12-17 23:10:00+00:00,122.45526066748425,128.58118,GRU,4159
2013-12-17 23:20:00+00:00,52.730406913440675,130.65674,GRU,4159
2013-12-17 23:30:00+00:00,58.02658985710392,121.01964,GRU,4159
2013-12-17 23:40:00+00:00,36.84280313295312,114.665596,GRU,4159
2013-12-17 23:50:00+00:00,163.05279541015625,105.09028,GRU,4159
2013-12-18 00:00:00+00:00,151.5122528076172,115.81949,GRU,4159
2013-12-18 00:10:00+00:00,52.649830385421716,120.68263,GRU,4159
2013-12-18 00:20:00+00:00,82.3672409504652,109.91548,GRU,4159
2013-12-18 00:30:00+00:00,128.66087341308594,107.9711,GRU,4159
2013-12-18 00:40:00+00:00,69.775884360075,112.85916,GRU,4159
2013-12-18 00:50:00+00:00,140.89878845214844,106.875946,GRU,4159
2013-12-18 01:00:00+00:00,119.64158630371094,113.844666,GRU,4159
2013-12-18 01:10:00+00:00,121.44957733154297,115.30103,GRU,4159
2013-12-18 01:20:00+00:00,64.60905400244519,117.31789,GRU,4159
2013-12-18 01:30:00+00:00,120.26048278808594,110.415955,GRU,4159
2013-12-18 01:40:00+00:00,66.69181661307812,114.33929,GRU,4159
2013-12-18 01:50:00+00:00,62.359313401859254,108.16092,GRU,4159
2013-12-18 02:00:00+00:00,114.66699981689453,103.08739,GRU,4159
2013-12-18 02:10:00+00:00,116.1541519165039,106.71839,GRU,4159
2013-12-18 02:20:00+00:00,65.23361048102379,108.9015,GRU,4159
2013-12-18 02:30:00+00:00,58.385314378421754,102.936615,GRU,4159
2013-12-18 02:40:00+00:00,128.010498046875,97.990616,GRU,4159
2013-12-18 02:50:00+00:00,63.58952932059765,104.52474,GRU,4159
2013-12-18 03:00:00+00:00,62.669799241703004,98.850334,GRU,4159
2013-12-18 03:10:00+00:00,123.32427215576172,95.12518,GRU,4159
2013-12-18 03:20:00+00:00,61.122648522257805,101.28527,GRU,4159
2013-12-18 03:30:00+00:00,62.52004246413708,95.87266,GRU,4159
2013-12-18 03:40:00+00:00,64.55702153174207,92.69914,GRU,4159
2013-12-18 03:50:00+00:00,60.84300450980663,90.31329,GRU,4159
2013-12-18 04:00:00+00:00,129.60809326171875,87.508865,GRU,4159
2013-12-18 04:10:00+00:00,41.45244820912679,95.53325,GRU,4159
2013-12-18 04:20:00+00:00,125.74806213378906,87.79093,GRU,4159
2013-12-18 04:30:00+00:00,69.48742513358593,95.85994,GRU,4159
2013-12-18 04:40:00+00:00,122.608642578125,92.858795,GRU,4159
2013-12-18 04:50:00+00:00,41.31214618682861,99.478584,GRU,4159
2013-12-18 05:00:00+00:00,66.5849516838789,91.77685,GRU,4159
2013-12-18 05:10:00+00:00,123.55308532714844,90.64526,GRU,4159
2013-12-18 05:20:00+00:00,61.939772996585816,97.74438,GRU,4159
2013-12-18 05:30:00+00:00,131.8596954345703,93.194916,GRU,4159
2013-12-18 05:40:00+00:00,66.30470657348633,101.173416,GRU,4159
2013-12-18 05:50:00+00:00,145.48971557617188,96.822075,GRU,4159
2013-12-18 06:00:00+00:00,46.95427923618505,106.47579,GRU,4159
2013-12-18 06:10:00+00:00,52.52436174172908,98.1913,GRU,4159
2013-12-18 06:20:00+00:00,159.35533142089844,93.923035,GRU,4159
2013-12-18 06:30:00+00:00,94.45311741530895,106.252304,GRU,4159
2013-12-18 06:40:00+00:00,70.40578574935596,104.79703,GRU,4159
2013-12-18 06:50:00+00:00,54.44495563954115,101.142715,GRU,4159
2013-12-18 07:00:00+00:00,219.91827392578125,96.21889,GRU,4159
2013-12-18 07:10:00+00:00,81.8225921485573,117.04071,GRU,4159
2013-12-18 07:20:00+00:00,132.15357576217502,110.87064,GRU,4159
2013-12-18 07:30:00+00:00,95.09900928537051,116.35856,GRU,4159
2013-12-18 07:40:00+00:00,153.10322523117065,114.63404,GRU,4159
2013-12-18 07:50:00+00:00,80.21286721690558,122.6606,GRU,4159
2013-12-18 08:00:00+00:00,343.32720947265625,116.98854,GRU,4159
2013-12-18 08:10:00+00:00,91.66273079952225,152.63237,GRU,4159
2013-12-18 08:20:00+00:00,122.86553320164482,139.747,GRU,4159
2013-12-18 08:30:00+00:00,101.29038977785967,140.0668,GRU,4159
2013-12-18 08:40:00+00:00,99.27989193960093,136.7239,GRU,4159
2013-12-18 08:50:00+00:00,121.4492889046669,133.4415,GRU,4159
2013-12-18 09:00:00+00:00,453.0065002441406,133.51018,GRU,4159
2013-12-18 09:10:00+00:00,110.19711843249388,180.70593,GRU,4159
2013-12-18 09:20:00+00:00,200.3420088738203,162.48323,GRU,4159
2013-12-18 09:30:00+00:00,197.5764466226101,170.7904,GRU,4159
2013-12-18 09:40:00+00:00,195.18812504736707,176.04971,GRU,4159
2013-12-18 09:50:00+00:00,80.7448237637058,179.60585,GRU,4159
2013-12-18 10:00:00+00:00,145.39201764265695,164.3198,GRU,4159
2013-12-18 10:10:00+00:00,198.26671814918518,164.581,GRU,4159
2013-12-18 10:20:00+00:00,112.88137786416337,170.76064,GRU,4159
2013-12-18 10:30:00+00:00,219.18206629157066,160.69524,GRU,4159
2013-12-18 10:40:00+00:00,149.15003353357315,170.55775,GRU,4159
2013-12-18 10:50:00+00:00,224.6141663044691,165.65967,GRU,4159
2013-12-18 11:00:00+00:00,150.67549246549606,174.79184,GRU,4159
2013-12-18 11:10:00+00:00,116.60651206970215,169.50484,GRU,4159
2013-12-18 11:20:00+00:00,141.15277108550072,161.71782,GRU,4159
2013-12-18 11:30:00+00:00,123.04029981209897,160.05801,GRU,4159
2013-12-18 11:40:00+00:00,171.7026610672474,154.93466,GRU,4159
2013-12-18 11:50:00+00:00,243.79537907568738,158.17143,GRU,4159
2013-12-18 12:00:00+00:00,124.92897685617208,170.53493,GRU,4159
2013-12-18 12:10:00+00:00,147.94500697869807,160.99509,GRU,4159
2013-12-18 12:20:00+00:00,216.44595280615613,159.95416,GRU,4159
2013-12-18 12:30:00+00:00,139.8848141953349,169.34195,GRU,4159
2013-12-18 12:40:00+00:00,110.88718439801596,163.58601,GRU,4159
2013-12-18 12:50:00+00:00,115.68366953148507,156.11807,GRU,4159
2013-12-18 13:00:00+00:00,209.27439884841442,151.42946,GRU,4159
2013-12-18 13:10:00+00:00,204.5444603562355,161.34547,GRU,4159
2013-12-18 13:20:00+00:00,103.50997081887908,166.5577,GRU,4159
2013-12-18 13:30:00+00:00,159.9456885876134,155.33974,GRU,4159
2013-12-18 13:40:00+00:00,163.68347897349545,157.67935,GRU,4159
2013-12-18 13:50:00+00:00,169.5808882738153,158.96555,GRU,4159
2013-12-18 14:00:00+00:00,161.14956410725912,160.58055,GRU,4159
2013-12-18 14:10:00+00:00,212.15401846170425,160.49477,GRU,4159
2013-12-18 14:20:00+00:00,59.545585525887354,168.50262,GRU,4159
2013-12-18 14:30:00+00:00,215.33881978690624,150.21062,GRU,4159
2013-12-18 14:40:00+00:00,134.46926697312543,162.94731,GRU,4159
2013-12-18 14:50:00+00:00,87.51798860430718,157.57452,GRU,4159
2013-12-18 15:00:00+00:00,145.45568603277206,147.23947,GRU,4159
2013-12-18 15:10:00+00:00,141.67916757520288,148.7835,GRU,4159
2013-12-18 15:20:00+00:00,68.6790334880352,147.90709,GRU,4159
2013-12-18 15:30:00+00:00,144.80916419625282,135.58643,GRU,4159
2013-12-18 15:40:00+00:00,194.7675782442093,138.65907,GRU,4159
2013-12-18 15:50:00+00:00,199.1816231906414,147.13722,GRU,4159
2013-12-18 16:00:00+00:00,133.2065408329169,153.86731,GRU,4159
2013-12-18 16:10:00+00:00,132.71979740262032,149.65175,GRU,4159
2013-12-18 16:20:00+00:00,93.00312670483254,148.13225,GRU,4159
2013-12-18 16:30:00+00:00,99.76180763542652,140.87447,GRU,4159
2013-12-18 16:40:00+00:00,206.38795076217502,136.49094,GRU,4159
2013-12-18 16:50:00+00:00,100.01062377542257,148.4949,GRU,4159
2013-12-18 17:00:00+00:00,194.42797634005547,139.74501,GRU,4159
2013-12-18 17:10:00+00:00,172.74469923973083,149.3132,GRU,4159
2013-12-18 17:20:00+00:00,179.14135746657848,152.31197,GRU,4159
2013-12-18 17:30:00+00:00,112.68517768600334,156.34421,GRU,4159
2013-12-18 17:40:00+00:00,151.53363041579723,149.57727,GRU,4159
2013-12-18 17:50:00+00:00,80.9707699790597,151.681,GRU,4159
2013-12-18 18:00:00+00:00,83.94420024752617,141.42458,GRU,4159
2013-12-18 18:10:00+00:00,96.58984340447932,134.56723,GRU,4159
2013-12-18 18:20:00+00:00,105.4454633096854,130.29782,GRU,4159
2013-12-18 18:30:00+00:00,160.34007206885144,127.28877,GRU,4159
2013-12-18 18:40:00+00:00,54.46935905944556,132.71187,GRU,4159
2013-12-18 18:50:00+00:00,91.4067877009511,119.89166,GRU,4159
2013-12-18 19:00:00+00:00,144.27735909819603,117.28074,GRU,4159
2013-12-18 19:10:00+00:00,124.83891300857067,122.483086,GRU,4159
2013-12-18 19:20:00+00:00,66.76083066221327,122.8117,GRU,4159
2013-12-18 19:30:00+00:00,94.03975125371169,114.66329,GRU,4159
2013-12-18 19:40:00+00:00,124.72226320113987,113.44738,GRU,4159
2013-12-18 19:50:00+00:00,89.2758378982544,116.52094,GRU,4159
2013-12-18 20:00:00+00:00,126.91767720878124,112.95564,GRU,4159
2013-12-18 20:10:00+00:00,233.38790893554688,116.46871,GRU,4159
2013-12-18 20:20:00+00:00,70.97080308416237,134.81924,GRU,4159
2013-12-18 20:30:00+00:00,116.42943577468395,123.598595,GRU,4159
2013-12-18 20:40:00+00:00,125.2134012314491,125.230034,GRU,4159
2013-12-18 20:50:00+00:00,109.55758671462536,127.16949,GRU,4159
2013-12-18 21:00:00+00:00,127.84861759841442,125.817604,GRU,4159
2013-12-18 21:10:00+00:00,108.65979771316051,127.6186,GRU,4159
2013-12-18 21:20:00+00:00,102.22663060156628,125.695526,GRU,4159
2013-12-18 21:30:00+00:00,228.96458435058594,123.393875,GRU,4159
2013-12-18 21:40:00+00:00,190.17178344726562,140.678,GRU,4159
2013-12-18 21:50:00+00:00,63.8500413618361,146.9796,GRU,4159
2013-12-18 22:00:00+00:00,98.67266850173473,133.66727,GRU,4159
2013-12-18 22:10:00+00:00,65.2623654504617,131.50847,GRU,4159
2013-12-18 22:20:00+00:00,90.00208989111707,123.46492,GRU,4159
2013-12-18 22:30:00+00:00,65.47996917025496,120.491646,GRU,4159
2013-12-18 22:40:00+00:00,95.37466435134411,113.12756,GRU,4159
2013-12-18 22:50:00+00:00,194.92308044433594,111.62531,GRU,4159
2013-12-18 23:00:00+00:00,100.93592778174207,124.72189,GRU,4159
2013-12-18 23:10:00+00:00,211.59512329101562,119.90787,GRU,4159
2013-12-18 23:20:00+00:00,183.0127716064453,134.99513,GRU,4159
2013-12-18 23:30:00+00:00,89.29682163894176,141.76884,GRU,4159
2013-12-18 23:40:00+00:00,55.091688605335854,133.82033,GRU,4159
2013-12-18 23:50:00+00:00,163.18435668945312,124.36873,GRU,4159
2013-12-19 00:00:00+00:00,90.90833230316639,133.59654,GRU,4159
2013-12-19 00:10:00+00:00,165.3399658203125,127.3862,GRU,4159
2013-12-19 00:20:00+00:00,48.43629421014339,134.69325,GRU,4159
2013-12-19 00:30:00+00:00,78.69752070307732,121.22691,GRU,4159
2013-12-19 00:40:00+00:00,136.58753967285156,117.08936,GRU,4159
2013-12-19 00:50:00+00:00,47.11991813002775,121.67343,GRU,4159
2013-12-19 01:00:00+00:00,150.8887176513672,110.2643,GRU,4159
2013-12-19 01:10:00+00:00,64.86610417068005,118.279976,GRU,4159
2013-12-19 01:20:00+00:00,131.15850830078125,110.003914,GRU,4159
2013-12-19 01:30:00+00:00,67.2555154892616,114.90793,GRU,4159
2013-12-19 01:40:00+00:00,115.09334564208984,108.13928,GRU,4159
2013-12-19 01:50:00+00:00,111.2706527709961,111.02587,GRU,4159
2013-12-19 02:00:00+00:00,62.04484501807019,112.04011,GRU,4159
2013-12-19 02:10:00+00:00,112.54049682617188,105.35843,GRU,4159
2013-12-19 02:20:00+00:00,115.29367065429688,108.505295,GRU,4159
2013-12-19 02:30:00+00:00,126.48834228515625,110.6112,GRU,4159
2013-12-19 02:40:00+00:00,55.34356251684949,114.03244,GRU,4159
2013-12-19 02:50:00+00:00,120.50853729248047,105.88967,GRU,4159
2013-12-19 03:00:00+00:00,131.905029296875,110.55819,GRU,4159
2013-12-19 03:10:00+00:00,120.52262878417969,114.952156,GRU,4159
2013-12-19 03:20:00+00:00,60.225043687503785,116.63672,GRU,4159
2013-12-19 03:30:00+00:00,126.49913024902344,109.1162,GRU,4159
2013-12-19 03:40:00+00:00,111.13630676269531,114.26223,GRU,4159
2013-12-19 03:50:00+00:00,60.519259843509644,114.86024,GRU,4159
2013-12-19 04:00:00+00:00,126.21571350097656,107.678375,GRU,4159
2013-12-19 04:10:00+00:00,116.65265655517578,112.71571,GRU,4159
2013-12-19 04:20:00+00:00,116.26823425292969,114.18931,GRU,4159
2013-12-19 04:30:00+00:00,67.18128148047253,115.51544,GRU,4159
2013-12-19 04:40:00+00:00,116.41181945800781,109.22019,GRU,4159
2013-12-19 04:50:00+00:00,124.47834777832031,112.506584,GRU,4159
2013-12-19 05:00:00+00:00,46.66543035923193,115.483826,GRU,4159
2013-12-19 05:10:00+00:00,126.18685913085938,105.70658,GRU,4159
2013-12-19 05:20:00+00:00,63.83436207473278,111.26949,GRU,4159
2013-12-19 05:30:00+00:00,141.92062377929688,104.807495,GRU,4159
2013-12-19 05:40:00+00:00,67.6842264267616,112.32496,GRU,4159
2013-12-19 05:50:00+00:00,68.6618494540453,105.92626,GRU,4159
2013-12-19 06:00:00+00:00,77.24128666846082,102.13423,GRU,4159
2013-12-19 06:10:00+00:00,59.10761989373714,100.22742,GRU,4159
2013-12-19 06:20:00+00:00,53.71046456694603,95.42679,GRU,4159
2013-12-19 06:30:00+00:00,199.7127227783203,90.673744,GRU,4159
2013-12-19 06:40:00+00:00,62.783827682336174,108.58299,GRU,4159
2013-12-19 06:50:00+00:00,66.651643953907,100.777626,GRU,4159
2013-12-19 07:00:00+00:00,111.39065939188004,97.75296,GRU,4159
2013-12-19 07:10:00+00:00,271.2016906738281,102.23769,GRU,4159
2013-12-19 07:20:00+00:00,255.22154235839844,128.75165,GRU,4159
2013-12-19 07:30:00+00:00,90.50059989094734,146.23466,GRU,4159
2013-12-19 07:40:00+00:00,97.27855393507828,136.3148,GRU,4159
2013-12-19 07:50:00+00:00,106.93750008940697,134.03244,GRU,4159
2013-12-19 08:00:00+00:00,68.86841867528855,133.47328,GRU,4159
2013-12-19 08:10:00+00:00,83.10315316170454,125.929504,GRU,4159
2013-12-19 08:20:00+00:00,91.56962464866228,121.803055,GRU,4159
2013-12-19 08:30:00+00:00,97.90442682965659,118.692955,GRU,4159
2013-12-19 08:40:00+00:00,109.11592448502779,116.42113,GRU,4159
2013-12-19 08:50:00+00:00,128.33489955682307,115.96476,GRU,4159
2013-12-19 09:00:00+00:00,199.4436301290989,118.38548,GRU,4159
2013-12-19 09:10:00+00:00,105.1719218227081,131.02019,GRU,4159
2013-12-19 09:20:00+00:00,98.05396812572144,126.27535,GRU,4159
2013-12-19 09:30:00+00:00,100.98265638202429,123.62697,GRU,4159
2013-12-19 09:40:00+00:00,91.70712142679841,122.24213,GRU,4159
2013-12-19 09:50:00+00:00,105.59429931640625,119.297806,GRU,4159
2013-12-19 10:00:00+00:00,151.96778109669685,118.82151,GRU,4159
2013-12-19 10:10:00+00:00,93.92202592026442,125.00518,GRU,4159
2013-12-19 10:20:00+00:00,79.57753370702267,120.37351,GRU,4159
2013-12-19 10:30:00+00:00,109.29160014702938,115.561676,GRU,4159
2013-12-19 10:40:00+00:00,99.12904357491061,116.43826,GRU,4159
2013-12-19 10:50:00+00:00,138.21127624313036,114.85779,GRU,4159
2013-12-19 11:00:00+00:00,71.70585079568748,119.58863,GRU,4159
2013-12-19 11:10:00+00:00,115.26754720462486,112.65991,GRU,4159
2013-12-19 11:20:00+00:00,114.79190931469202,114.95571,GRU,4159
2013-12-19 11:30:00+00:00,116.9684997946024,116.01698,GRU,4159
2013-12-19 11:40:00+00:00,76.77546594229837,117.19782,GRU,4159
2013-12-19 11:50:00+00:00,226.1614838540554,112.04003,GRU,4159
2013-12-19 12:00:00+00:00,176.41911646723747,131.09296,GRU,4159
2013-12-19 12:10:00+00:00,124.43864897591993,137.05437,GRU,4159
2013-12-19 12:20:00+00:00,150.4198706668491,135.3224,GRU,4159
2013-12-19 12:30:00+00:00,95.88422597181052,139.59212,GRU,4159
2013-12-19 12:40:00+00:00,157.11792494853339,134.19966,GRU,4159
2013-12-19 12:50:00+00:00,86.44118939768524,140.07758,GRU,4159
2013-12-19 13:00:00+00:00,441.9018859863281,132.46268,GRU,4159
2013-12-19 13:10:00+00:00,142.27237921177098,179.32935,GRU,4159
2013-12-19 13:20:00+00:00,206.75047245947644,167.06151,GRU,4159
2013-12-19 13:30:00+00:00,93.70234882235528,174.75656,GRU,4159
2013-12-19 13:40:00+00:00,133.59973109979182,162.84915,GRU,4159
2013-12-19 13:50:00+00:00,150.96963506937027,161.90213,GRU,4159
2013-12-19 14:00:00+00:00,135.39661342122903,162.15935,GRU,4159
2013-12-19 14:10:00+00:00,101.47149474918842,158.6251,GRU,4159
2013-12-19 14:20:00+00:00,142.20627705256143,150.27116,GRU,4159
2013-12-19 14:30:00+00:00,141.23777987776944,150.15219,GRU,4159
2013-12-19 14:40:00+00:00,72.84678036579862,148.76424,GRU,4159
2013-12-19 14:50:00+00:00,149.39461783568063,136.80635,GRU,4159
2013-12-19 15:00:00+00:00,103.82240210962482,140.17879,GRU,4159
2013-12-19 15:10:00+00:00,105.27371815335937,134.33234,GRU,4159
2013-12-19 15:20:00+00:00,86.16130199432374,130.51341,GRU,4159
2013-12-19 15:30:00+00:00,133.63307200868925,124.405,GRU,4159
2013-12-19 15:40:00+00:00,80.69438936114311,126.89693,GRU,4159
2013-12-19 15:50:00+00:00,103.26068584038876,119.86825,GRU,4159
2013-12-19 16:00:00+00:00,82.4061082959175,118.53979,GRU,4159
2013-12-19 16:10:00+00:00,93.41331525892019,113.83062,GRU,4159
2013-12-19 16:20:00+00:00,92.87699870765209,111.907616,GRU,4159
2013-12-19 16:30:00+00:00,134.48558440462998,109.98241,GRU,4159
2013-12-19 16:40:00+00:00,91.81781505793333,114.72763,GRU,4159
2013-12-19 16:50:00+00:00,126.62174488107364,111.568474,GRU,4159
2013-12-19 17:00:00+00:00,117.74773080584903,115.268295,GRU,4159
2013-12-19 17:10:00+00:00,114.99860379099846,116.57652,GRU,4159
2013-12-19 17:20:00+00:00,181.35905404388905,117.526306,GRU,4159
2013-12-19 17:30:00+00:00,187.565428561531,128.5863,GRU,4159
2013-12-19 17:40:00+00:00,171.5833243727684,137.68277,GRU,4159
2013-12-19 17:50:00+00:00,103.14565739190827,142.98964,GRU,4159
2013-12-19 18:00:00+00:00,168.619994554203,137.57489,GRU,4159
2013-12-19 18:10:00+00:00,53.52267016765351,144.9247,GRU,4159
2013-12-19 18:20:00+00:00,135.6935392320156,131.49086,GRU,4159
2013-12-19 18:30:00+00:00,104.01286755222827,135.23953,GRU,4159
2013-12-19 18:40:00+00:00,101.87938331564267,131.3516,GRU,4159
2013-12-19 18:50:00+00:00,75.78802522434853,127.929794,GRU,4159
2013-12-19 19:00:00+00:00,153.2336877915077,120.909836,GRU,4159
2013-12-19 19:10:00+00:00,68.04264016612433,127.23347,GRU,4159
2013-12-19 19:20:00+00:00,51.99458716642111,117.86342,GRU,4159
2013-12-19 19:30:00+00:00,51.07979710195214,109.22857,GRU,4159
2013-12-19 19:40:00+00:00,55.21145474910736,102.091576,GRU,4159
2013-12-19 19:50:00+00:00,82.61564052539568,96.33486,GRU,4159
2013-12-19 20:00:00+00:00,68.95669772444914,95.29198,GRU,4159
2013-12-19 20:10:00+00:00,57.937060916097835,91.81147,GRU,4159
2013-12-19 20:20:00+00:00,233.31472778320312,87.562515,GRU,4159
2013-12-19 20:30:00+00:00,41.18742827307433,110.55608,GRU,4159
2013-12-19 20:40:00+00:00,36.099693262949586,98.521904,GRU,4159
2013-12-19 20:50:00+00:00,55.404738465091214,91.82475,GRU,4159
2013-12-19 21:00:00+00:00,107.23273164251198,89.393654,GRU,4159
2013-12-19 21:10:00+00:00,117.62393895117566,94.310455,GRU,4159
2013-12-19 21:20:00+00:00,80.28894013383736,98.88307,GRU,4159
2013-12-19 21:30:00+00:00,58.56113782688044,96.97272,GRU,4159
2013-12-19 21:40:00+00:00,106.49361401796341,92.946915,GRU,4159
2013-12-19 21:50:00+00:00,32.0917690776599,97.33704,GRU,4159
2013-12-19 22:00:00+00:00,44.703383590094745,88.61686,GRU,4159
2013-12-19 22:10:00+00:00,105.05238290131092,84.382744,GRU,4159
2013-12-19 22:20:00+00:00,107.96677342383191,89.55262,GRU,4159
2013-12-19 22:30:00+00:00,59.00717871962115,93.260956,GRU,4159
2013-12-19 22:40:00+00:00,67.82608792185783,89.0248,GRU,4159
2013-12-19 22:50:00+00:00,66.61646668116252,87.93816,GRU,4159
2013-12-19 23:00:00+00:00,56.6354059742298,86.71007,GRU,4159
2013-12-19 23:10:00+00:00,46.76418250380084,84.01358,GRU,4159
2013-12-19 23:20:00+00:00,102.6861250847578,80.2509,GRU,4159
2013-12-19 23:30:00+00:00,39.532378484122454,85.62457,GRU,4159
2013-12-19 23:40:00+00:00,98.34469608962536,79.61882,GRU,4159
2013-12-19 23:50:00+00:00,67.89621954380225,84.6568,GRU,4159
2013-12-20 00:00:00+00:00,92.26254979101941,83.46697,GRU,4159
2013-12-20 00:10:00+00:00,86.99008183181286,86.76104,GRU,4159
2013-12-20 00:20:00+00:00,85.7184601277113,88.49397,GRU,4159
2013-12-20 00:30:00+00:00,163.29672241210938,89.95177,GRU,4159
2013-12-20 00:40:00+00:00,48.69220956383894,103.028,GRU,4159
2013-12-20 00:50:00+00:00,74.86930790869519,95.37022,GRU,4159
2013-12-20 01:00:00+00:00,148.85658264160156,95.296616,GRU,4159
2013-12-20 01:10:00+00:00,47.489592047718666,105.91592,GRU,4159
2013-12-20 01:20:00+00:00,70.31987600028515,97.77774,GRU,4159
2013-12-20 01:30:00+00:00,147.13998413085938,96.32322,GRU,4159
2013-12-20 01:40:00+00:00,46.24653550423682,106.22343,GRU,4159
2013-12-20 01:50:00+00:00,64.85352273285389,97.5677,GRU,4159
2013-12-20 02:00:00+00:00,130.47299194335938,95.05754,GRU,4159
2013-12-20 02:10:00+00:00,56.16665211645886,102.523834,GRU,4159
2013-12-20 02:20:00+00:00,60.32616368262097,96.139366,GRU,4159
2013-12-20 02:30:00+00:00,122.07977294921875,92.767586,GRU,4159
2013-12-20 02:40:00+00:00,60.338935289066285,99.242775,GRU,4159
2013-12-20 02:50:00+00:00,55.23820439307019,94.115395,GRU,4159
2013-12-20 03:00:00+00:00,55.344767961185426,90.138565,GRU,4159
2013-12-20 03:10:00+00:00,110.58661651611328,86.86693,GRU,4159
2013-12-20 03:20:00+00:00,55.497409257572144,92.308304,GRU,4159
2013-12-20 03:30:00+00:00,109.52567291259766,87.54254,GRU,4159
2013-12-20 03:40:00+00:00,109.8010025024414,92.82363,GRU,4159
2013-12-20 03:50:00+00:00,53.19490757910535,96.62489,GRU,4159
2013-12-20 04:00:00+00:00,55.41617588698864,91.285736,GRU,4159
2013-12-20 04:10:00+00:00,113.310791015625,88.29429,GRU,4159
2013-12-20 04:20:00+00:00,57.82613697974011,94.4252,GRU,4159
2013-12-20 04:30:00+00:00,119.07109069824219,89.96799,GRU,4159
2013-12-20 04:40:00+00:00,123.66393280029297,96.50969,GRU,4159
2013-12-20 04:50:00+00:00,117.47154235839844,101.82664,GRU,4159
2013-12-20 05:00:00+00:00,61.86040821997449,105.44655,GRU,4159
2013-12-20 05:10:00+00:00,129.5882568359375,100.31069,GRU,4159
2013-12-20 05:20:00+00:00,66.52893773047253,107.51931,GRU,4159
2013-12-20 05:30:00+00:00,65.35848179785535,102.55491,GRU,4159
2013-12-20 05:40:00+00:00,41.45782479643822,99.195366,GRU,4159
2013-12-20 05:50:00+00:00,45.98089096943537,92.48153,GRU,4159
2013-12-20 06:00:00+00:00,72.64734593359753,87.53095,GRU,4159
2013-12-20 06:10:00+00:00,141.15847778320312,86.968765,GRU,4159
2013-12-20 06:20:00+00:00,88.45858006179333,96.24156,GRU,4159
2013-12-20 06:30:00+00:00,93.16958561865613,95.240814,GRU,4159
2013-12-20 06:40:00+00:00,104.28425607085228,96.47243,GRU,4159
2013-12-20 06:50:00+00:00,55.04842269583605,99.488716,GRU,4159
2013-12-20 07:00:00+00:00,118.30714360205457,94.33188,GRU,4159
2013-12-20 07:10:00+00:00,82.81321609454851,100.531044,GRU,4159
2013-12-20 07:20:00+00:00,118.07624764740467,99.139206,GRU,4159
2013-12-20 07:30:00+00:00,54.12790814638138,103.92519,GRU,4159
2013-12-20 07:40:00+00:00,98.02423925325274,97.55562,GRU,4159
2013-12-20 07:50:00+00:00,154.9491114616394,100.10159,GRU,4159
2013-12-20 08:00:00+00:00,96.36673961300403,109.99868,GRU,4159
2013-12-20 08:10:00+00:00,64.00414140000939,108.4055,GRU,4159
2013-12-20 08:20:00+00:00,60.67072404883802,103.38224,GRU,4159
2013-12-20 08:30:00+00:00,81.90519609465264,99.350266,GRU,4159
2013-12-20 08:40:00+00:00,89.74292701063678,98.95423,GRU,4159
2013-12-20 08:50:00+00:00,86.56798225222155,99.077515,GRU,4159
2013-12-20 09:00:00+00:00,87.70126828318462,98.412704,GRU,4159
2013-12-20 09:10:00+00:00,89.65850642602891,98.13032,GRU,4159
2013-12-20 09:20:00+00:00,86.8402069574222,98.269424,GRU,4159
2013-12-20 09:30:00+00:00,95.22799295070581,98.00235,GRU,4159
2013-12-20 09:40:00+00:00,121.8881493670245,99.17711,GRU,4159
2013-12-20 09:50:00+00:00,120.6042157234624,104.14625,GRU,4159
2013-12-20 10:00:00+00:00,185.96375868748873,107.789955,GRU,4159
2013-12-20 10:10:00+00:00,71.56151491533964,120.95257,GRU,4159
2013-12-20 10:20:00+00:00,72.05458731055259,113.5465,GRU,4159
2013-12-20 10:30:00+00:00,102.15037320554256,110.016594,GRU,4159
2013-12-20 10:40:00+00:00,199.95295602735132,111.58863,GRU,4159
2013-12-20 10:50:00+00:00,89.9882507994771,126.612045,GRU,4159
2013-12-20 11:00:00+00:00,98.0452763075009,120.51069,GRU,4159
2013-12-20 11:10:00+00:00,94.87593600479886,119.10073,GRU,4159
2013-12-20 11:20:00+00:00,53.77279736926513,117.41221,GRU,4159
2013-12-20 11:30:00+00:00,102.97871235338971,109.35375,GRU,4159
2013-12-20 11:40:00+00:00,128.93246393402418,110.622314,GRU,4159
2013-12-20 11:50:00+00:00,73.1495566662401,114.42565,GRU,4159
2013-12-20 12:00:00+00:00,98.93698014318943,108.48035,GRU,4159
2013-12-20 12:10:00+00:00,131.49940679470697,108.66981,GRU,4159
2013-12-20 12:20:00+00:00,101.00531663908623,113.40747,GRU,4159
2013-12-20 12:30:00+00:00,80.72587216291576,112.16381,GRU,4159
2013-12-20 12:40:00+00:00,69.88880209587515,108.723785,GRU,4159
2013-12-20 12:50:00+00:00,129.964634917366,104.62996,GRU,4159
2013-12-20 13:00:00+00:00,139.6656088332335,110.42158,GRU,4159
2013-12-20 13:10:00+00:00,77.10890271663666,115.58013,GRU,4159
2013-12-20 13:20:00+00:00,112.22567757964134,110.22491,GRU,4159
2013-12-20 13:30:00+00:00,124.9513027171294,112.608086,GRU,4159
2013-12-20 13:40:00+00:00,116.76217657327652,115.936745,GRU,4159
2013-12-20 13:50:00+00:00,86.75937321735546,117.16495,GRU,4159
2013-12-20 14:00:00+00:00,132.45819964228818,113.79188,GRU,4159
2013-12-20 14:10:00+00:00,188.507533416152,118.591675,GRU,4159
2013-12-20 14:20:00+00:00,193.62202397314832,130.17879,GRU,4159
2013-12-20 14:30:00+00:00,365.9103698730469,139.68222,GRU,4159
2013-12-20 14:40:00+00:00,91.6631388249807,173.19334,GRU,4159
2013-12-20 14:50:00+00:00,90.49556482536718,156.02473,GRU,4159
2013-12-20 15:00:00+00:00,100.03512496501207,149.55934,GRU,4159
2013-12-20 15:10:00+00:00,113.1124874772504,146.09546,GRU,4159
2013-12-20 15:20:00+00:00,94.00801664753817,143.82436,GRU,4159
2013-12-20 15:30:00+00:00,187.67254643142223,137.56487,GRU,4159
2013-12-20 15:40:00+00:00,114.59901617964108,146.40321,GRU,4159
2013-12-20 15:50:00+00:00,66.94855691287667,140.45833,GRU,4159
2013-12-20 16:00:00+00:00,188.21739201247692,129.66743,GRU,4159
2013-12-20 16:10:00+00:00,176.95715279877186,140.4274,GRU,4159
2013-12-20 16:20:00+00:00,165.26979069411755,145.2393,GRU,4159
2013-12-20 16:30:00+00:00,65.86078099701554,147.75526,GRU,4159
2013-12-20 16:40:00+00:00,76.71361322700977,135.07643,GRU,4159
2013-12-20 16:50:00+00:00,64.04690534602851,128.72887,GRU,4159
2013-12-20 17:00:00+00:00,114.76834071893245,120.84014,GRU,4159
2013-12-20 17:10:00+00:00,322.9293518066406,121.57664,GRU,4159
2013-12-20 17:20:00+00:00,97.11420706907909,151.58206,GRU,4159
2013-12-20 17:30:00+00:00,154.11215214431286,139.1021,GRU,4159
2013-12-20 17:40:00+00:00,93.8718132476012,143.33315,GRU,4159
2013-12-20 17:50:00+00:00,141.77244412899017,136.96162,GRU,4159
2013-12-20 18:00:00+00:00,134.23363882303238,140.11998,GRU,4159
2013-12-20 18:10:00+00:00,80.15004335840543,140.2258,GRU,4159
2013-12-20 18:20:00+00:00,51.899587272852656,131.71205,GRU,4159
2013-12-20 18:30:00+00:00,126.84782247245312,121.1788,GRU,4159
2013-12-20 18:40:00+00:00,125.63082131743431,124.14122,GRU,4159
2013-12-20 18:50:00+00:00,91.01062953906755,124.58165,GRU,4159
2013-12-20 19:00:00+00:00,83.8034115632375,119.533035,GRU,4159
2013-12-20 19:10:00+00:00,126.62818750739098,115.082565,GRU,4159
2013-12-20 19:20:00+00:00,60.51541004655883,118.144905,GRU,4159
2013-12-20 19:30:00+00:00,60.345454696100205,109.69319,GRU,4159
2013-12-20 19:40:00+00:00,57.286908495705575,103.84698,GRU,4159
2013-12-20 19:50:00+00:00,53.40019414993003,98.34376,GRU,4159
2013-12-20 20:00:00+00:00,115.53356881439686,92.855,GRU,4159
2013-12-20 20:10:00+00:00,112.94985806941986,97.56872,GRU,4159
2013-12-20 20:20:00+00:00,119.01065663993359,100.22629,GRU,4159
2013-12-20 20:30:00+00:00,110.13185124099255,103.77602,GRU,4159
2013-12-20 20:40:00+00:00,61.367477099100746,105.78651,GRU,4159
2013-12-20 20:50:00+00:00,95.21086827246472,100.45217,GRU,4159
2013-12-20 21:00:00+00:00,115.04048104584217,102.19154,GRU,4159
2013-12-20 21:10:00+00:00,103.1512064486742,105.914375,GRU,4159
2013-12-20 21:20:00+00:00,215.0098419189453,106.73375,GRU,4159
2013-12-20 21:30:00+00:00,111.7747323513031,124.535286,GRU,4159
2013-12-20 21:40:00+00:00,201.63763427734375,122.078514,GRU,4159
2013-12-20 21:50:00+00:00,101.46292062103748,136.1441,GRU,4159
2013-12-20 22:00:00+00:00,75.71552458840112,131.09055,GRU,4159
2013-12-20 22:10:00+00:00,45.04396411939524,125.07611,GRU,4159
2013-12-20 22:20:00+00:00,205.51768493652344,115.64329,GRU,4159
2013-12-20 22:30:00+00:00,99.46139474213123,132.05699,GRU,4159
2013-12-20 22:40:00+00:00,93.94100956618786,126.21464,GRU,4159
2013-12-20 22:50:00+00:00,66.50516506967445,122.532265,GRU,4159
2013-12-20 23:00:00+00:00,91.21906930860132,115.5216,GRU,4159
2013-12-20 23:10:00+00:00,109.77687840163708,113.76344,GRU,4159
2013-12-20 23:20:00+00:00,67.41813619931538,114.33632,GRU,4159
2013-12-20 23:30:00+00:00,91.42572622001171,107.76173,GRU,4159
2013-12-20 23:40:00+00:00,55.955474535624184,106.74211,GRU,4159
2013-12-20 23:50:00+00:00,183.85888671875,99.966446,GRU,4159
2013-12-21 00:00:00+00:00,83.10767368972301,114.20241,GRU,4159
2013-12-21 00:10:00+00:00,37.87424417166039,108.87973,GRU,4159
2013-12-21 00:20:00+00:00,53.11521619558334,99.55377,GRU,4159
2013-12-21 00:30:00+00:00,37.5213383063674,95.12589,GRU,4159
2013-12-21 00:40:00+00:00,151.33401489257812,88.26512,GRU,4159
2013-12-21 00:50:00+00:00,50.27238900680095,99.534294,GRU,4159
2013-12-21 01:00:00+00:00,50.13936329105248,91.82833,GRU,4159
2013-12-21 01:10:00+00:00,140.8445281982422,87.30665,GRU,4159
2013-12-21 01:20:00+00:00,65.8188699814491,97.436264,GRU,4159
2013-12-21 01:30:00+00:00,66.67055515944958,93.11394,GRU,4159
2013-12-21 01:40:00+00:00,42.51262813806534,91.08043,GRU,4159
2013-12-21 01:50:00+00:00,125.27890014648438,85.72338,GRU,4159
2013-12-21 02:00:00+00:00,32.46153286844492,94.01646,GRU,4159
2013-12-21 02:10:00+00:00,117.31764221191406,85.345604,GRU,4159
2013-12-21 02:20:00+00:00,41.54437183775008,92.62837,GRU,4159
2013-12-21 02:30:00+00:00,40.231085980311036,85.858154,GRU,4159
2013-12-21 02:40:00+00:00,40.73392384250959,81.2025,GRU,4159
2013-12-21 02:50:00+00:00,62.68471150100231,77.233536,GRU,4159
2013-12-21 03:00:00+00:00,125.11388397216797,76.91472,GRU,4159
2013-12-21 03:10:00+00:00,39.30199974775314,85.62114,GRU,4159
2013-12-21 03:20:00+00:00,114.62000274658203,79.15862,GRU,4159
2013-12-21 03:30:00+00:00,65.9696808308363,86.93213,GRU,4159
2013-12-21 03:40:00+00:00,59.122718289494514,85.11782,GRU,4159
2013-12-21 03:50:00+00:00,125.18788146972656,83.413055,GRU,4159
2013-12-21 04:00:00+00:00,122.69039154052734,92.15214,GRU,4159
2013-12-21 04:10:00+00:00,36.38917547464371,98.0796,GRU,4159
2013-12-21 04:20:00+00:00,39.47786640344808,89.96259,GRU,4159
2013-12-21 04:30:00+00:00,61.26179127395153,85.33728,GRU,4159
2013-12-21 04:40:00+00:00,53.1770554035902,84.40358,GRU,4159
2013-12-21 04:50:00+00:00,58.76028451323509,81.50064,GRU,4159
2013-12-21 05:00:00+00:00,59.37923756567761,79.75863,GRU,4159
2013-12-21 05:10:00+00:00,104.01083374023438,78.21919,GRU,4159
2013-12-21 05:20:00+00:00,27.904392264783382,83.7232,GRU,4159
2013-12-21 05:30:00+00:00,54.28264180151746,76.19614,GRU,4159
2013-12-21 05:40:00+00:00,106.19184875488281,75.3039,GRU,4159
2013-12-21 05:50:00+00:00,106.50048828125,81.994965,GRU,4159
2013-12-21 06:00:00+00:00,58.82786187529564,86.94242,GRU,4159
2013-12-21 06:10:00+00:00,54.1018289658241,84.0892,GRU,4159
2013-12-21 06:20:00+00:00,31.712814897298813,82.02192,GRU,4159
2013-12-21 06:30:00+00:00,44.84046678741773,76.825195,GRU,4159
2013-12-21 06:40:00+00:00,66.5129236727953,74.478355,GRU,4159
2013-12-21 06:50:00+00:00,199.15228271484375,75.25094,GRU,4159
2013-12-21 07:00:00+00:00,46.25680547952652,95.24882,GRU,4159
2013-12-21 07:10:00+00:00,59.26184472441673,87.427925,GRU,4159
2013-12-21 07:20:00+00:00,33.00932632549666,86.09626,GRU,4159
2013-12-21 07:30:00+00:00,44.12620500723521,80.824005,GRU,4159
2013-12-21 07:40:00+00:00,35.16142463684082,78.05136,GRU,4159
2013-12-21 07:50:00+00:00,79.72119149565697,73.64076,GRU,4159
2013-12-21 08:00:00+00:00,37.80629216134548,76.48861,GRU,4159
2013-12-21 08:10:00+00:00,42.58311622752808,71.75223,GRU,4159
2013-12-21 08:20:00+00:00,89.34701542556286,69.196594,GRU,4159
2013-12-21 08:30:00+00:00,46.361839309334755,74.13777,GRU,4159
2013-12-21 08:40:00+00:00,50.42056090547703,71.19023,GRU,4159
2013-12-21 08:50:00+00:00,64.1407365820681,70.15246,GRU,4159
2013-12-21 09:00:00+00:00,91.18304280936718,71.397514,GRU,4159
2013-12-21 09:10:00+00:00,32.35709181396911,76.35569,GRU,4159
2013-12-21 09:20:00+00:00,54.242762978654355,71.245346,GRU,4159
2013-12-21 09:30:00+00:00,95.39539730548859,71.31106,GRU,4159
2013-12-21 09:40:00+00:00,81.13656977688272,77.2142,GRU,4159
2013-12-21 09:50:00+00:00,38.025024763680996,79.40886,GRU,4159
2013-12-21 10:00:00+00:00,61.83741029476126,75.01691,GRU,4159
2013-12-21 10:10:00+00:00,39.75275093410164,75.74482,GRU,4159
2013-12-21 10:20:00+00:00,93.32915334403515,72.43952,GRU,4159
2013-12-21 10:30:00+00:00,97.03751316992566,77.943306,GRU,4159
2013-12-21 10:40:00+00:00,43.50404662638903,82.34366,GRU,4159
2013-12-21 10:50:00+00:00,71.9695597384125,77.96155,GRU,4159
2013-12-21 11:00:00+00:00,56.55504203005694,79.69088,GRU,4159
2013-12-21 11:10:00+00:00,70.75330104430516,78.28664,GRU,4159
2013-12-21 11:20:00+00:00,68.42338021813582,79.372665,GRU,4159
2013-12-21 11:30:00+00:00,67.52182015776634,79.642815,GRU,4159
2013-12-21 11:40:00+00:00,59.001738043812416,79.74819,GRU,4159
2013-12-21 11:50:00+00:00,89.77966685593128,78.56346,GRU,4159
2013-12-21 12:00:00+00:00,45.80778312636539,82.38725,GRU,4159
2013-12-21 12:10:00+00:00,58.81579292037835,78.41736,GRU,4159
2013-12-21 12:20:00+00:00,90.76058903662488,77.79032,GRU,4159
2013-12-21 12:30:00+00:00,90.46433095633984,81.86282,GRU,4159
2013-12-21 12:40:00+00:00,62.917996694644295,84.73866,GRU,4159
2013-12-21 12:50:00+00:00,49.86523977139344,83.09375,GRU,4159
2013-12-21 13:00:00+00:00,88.21807865798473,80.28856,GRU,4159
2013-12-21 13:10:00+00:00,99.07608036696911,83.93629,GRU,4159
2013-12-21 13:20:00+00:00,68.90821803826839,87.94479,GRU,4159
2013-12-21 13:30:00+00:00,233.1455078125,86.585106,GRU,4159
2013-12-21 13:40:00+00:00,129.88275090185925,110.62868,GRU,4159
2013-12-21 13:50:00+00:00,67.66113758087158,113.14358,GRU,4159
2013-12-21 14:00:00+00:00,104.30113163916394,108.00412,GRU,4159
2013-12-21 14:10:00+00:00,191.18357849121094,111.040085,GRU,4159
2013-12-21 14:20:00+00:00,63.26012023507307,125.6745,GRU,4159
2013-12-21 14:30:00+00:00,102.71717015234753,116.28968,GRU,4159
2013-12-21 14:40:00+00:00,67.16028415163358,117.17268,GRU,4159
2013-12-21 14:50:00+00:00,86.35536505514756,111.47901,GRU,4159
2013-12-21 15:00:00+00:00,44.736328079830855,109.862434,GRU,4159
2013-12-21 15:10:00+00:00,90.3693335056305,101.295006,GRU,4159
2013-12-21 15:20:00+00:00,93.78146306006238,101.53265,GRU,4159
2013-12-21 15:30:00+00:00,44.149071015417576,101.25033,GRU,4159
2013-12-21 15:40:00+00:00,55.02427089648942,93.259766,GRU,4159
2013-12-21 15:50:00+00:00,169.18479919433594,89.17484,GRU,4159
2013-12-21 16:00:00+00:00,83.95956425368786,102.73964,GRU,4159
2013-12-21 16:10:00+00:00,88.16077366797253,99.61561,GRU,4159
2013-12-21 16:20:00+00:00,52.80314341342697,99.53396,GRU,4159
2013-12-21 16:30:00+00:00,58.65984735824168,94.26854,GRU,4159
2013-12-21 16:40:00+00:00,152.85696411132812,91.26141,GRU,4159
2013-12-21 16:50:00+00:00,89.86315522994846,102.62702,GRU,4159
2013-12-21 17:00:00+00:00,55.80969092467179,101.03043,GRU,4159
2013-12-21 17:10:00+00:00,39.90127824363299,95.7417,GRU,4159
2013-12-21 17:20:00+00:00,51.28841040531794,89.60642,GRU,4159
2013-12-21 17:30:00+00:00,46.757281131111085,86.16864,GRU,4159
2013-12-21 17:40:00+00:00,74.78392796218395,81.93579,GRU,4159
2013-12-21 17:50:00+00:00,50.24554071761668,82.431274,GRU,4159
2013-12-21 18:00:00+00:00,170.44525146484375,78.61365,GRU,4159
2013-12-21 18:10:00+00:00,54.83232920368513,93.98577,GRU,4159
2013-12-21 18:20:00+00:00,81.53086857497692,88.00691,GRU,4159
2013-12-21 18:30:00+00:00,54.98337652285894,89.5057,GRU,4159
2013-12-21 18:40:00+00:00,31.385789262875914,86.44275,GRU,4159
2013-12-21 18:50:00+00:00,82.16861329879612,80.44646,GRU,4159
2013-12-21 19:00:00+00:00,177.27745056152344,83.24582,GRU,4159
2013-12-21 19:10:00+00:00,86.02622231841087,98.82819,GRU,4159
2013-12-21 19:20:00+00:00,81.4529707878828,96.911385,GRU,4159
2013-12-21 19:30:00+00:00,78.46877995459363,96.68794,GRU,4159
2013-12-21 19:40:00+00:00,58.569556754392885,96.41391,GRU,4159
2013-12-21 19:50:00+00:00,83.72877511382103,92.974205,GRU,4159
2013-12-21 20:00:00+00:00,54.76790798145036,93.989944,GRU,4159
2013-12-21 20:10:00+00:00,54.654052793979645,89.67753,GRU,4159
2013-12-21 20:20:00+00:00,62.890871653954186,86.31057,GRU,4159
2013-12-21 20:30:00+00:00,47.832053611675896,84.56911,GRU,4159
2013-12-21 20:40:00+00:00,78.10401860205457,80.49433,GRU,4159
2013-12-21 20:50:00+00:00,181.33428955078125,81.853905,GRU,4159
2013-12-21 21:00:00+00:00,74.90251164138317,98.067024,GRU,4159
2013-12-21 21:10:00+00:00,48.970100132748485,94.44282,GRU,4159
2013-12-21 21:20:00+00:00,39.733714640839025,89.784676,GRU,4159
2013-12-21 21:30:00+00:00,73.40015783905983,85.0953,GRU,4159
2013-12-21 21:40:00+00:00,103.50056071579456,86.03926,GRU,4159
2013-12-21 21:50:00+00:00,38.94619700573385,90.43701,GRU,4159
2013-12-21 22:00:00+00:00,73.25084656476974,83.646484,GRU,4159
2013-12-21 22:10:00+00:00,53.16719429939985,84.35568,GRU,4159
2013-12-21 22:20:00+00:00,64.186106244723,81.288376,GRU,4159
2013-12-21 22:30:00+00:00,77.2449796795845,80.59965,GRU,4159
2013-12-21 22:40:00+00:00,48.40903677760313,81.807274,GRU,4159
2013-12-21 22:50:00+00:00,78.29240421950817,78.22778,GRU,4159
2013-12-21 23:00:00+00:00,55.137005914623536,80.29824,GRU,4159
2013-12-21 23:10:00+00:00,38.1572770786006,78.08032,GRU,4159
2013-12-21 23:20:00+00:00,54.91708514094353,73.97193,GRU,4159
2013-12-21 23:30:00+00:00,38.58809091895819,73.28851,GRU,4159
2013-12-21 23:40:00+00:00,53.711593938060105,69.81598,GRU,4159
2013-12-21 23:50:00+00:00,85.52070561377332,69.34054,GRU,4159
2013-12-22 00:00:00+00:00,53.88713653882345,73.54039,GRU,4159
2013-12-22 00:10:00+00:00,77.26741036772728,71.950714,GRU,4159
2013-12-22 00:20:00+00:00,83.99399887025356,74.874855,GRU,4159
2013-12-22 00:30:00+00:00,60.961699386437736,78.19427,GRU,4159
2013-12-22 00:40:00+00:00,50.085528115431465,77.502884,GRU,4159
2013-12-22 00:50:00+00:00,157.15145874023438,75.70879,GRU,4159
2013-12-22 01:00:00+00:00,49.46610474586487,90.474976,GRU,4159
2013-12-22 01:10:00+00:00,43.558420471536614,84.999214,GRU,4159
2013-12-22 01:20:00+00:00,74.58274853229523,81.49701,GRU,4159
2013-12-22 01:30:00+00:00,48.52665078639984,83.36058,GRU,4159
2013-12-22 01:40:00+00:00,66.00754490820691,80.063934,GRU,4159
2013-12-22 01:50:00+00:00,34.77378440066241,80.130745,GRU,4159
2013-12-22 02:00:00+00:00,65.97621922194958,74.97234,GRU,4159
2013-12-22 02:10:00+00:00,61.149909410160035,75.75899,GRU,4159
2013-12-22 02:20:00+00:00,43.13969427347183,75.13962,GRU,4159
2013-12-22 02:30:00+00:00,58.7549639493227,71.93873,GRU,4159
2013-12-22 02:40:00+00:00,61.27341838181019,71.95757,GRU,4159
2013-12-22 02:50:00+00:00,116.48724365234375,72.13965,GRU,4159
2013-12-22 03:00:00+00:00,54.331428572535515,80.67521,GRU,4159
2013-12-22 03:10:00+00:00,53.52200326323509,77.849525,GRU,4159
2013-12-22 03:20:00+00:00,62.66768269240856,76.59882,GRU,4159
2013-12-22 03:30:00+00:00,60.12094120681286,77.00302,GRU,4159
2013-12-22 03:40:00+00:00,110.82408905029297,76.63391,GRU,4159
2013-12-22 03:50:00+00:00,27.762138621648774,83.94294,GRU,4159
2013-12-22 04:00:00+00:00,52.67027668654919,76.65131,GRU,4159
2013-12-22 04:10:00+00:00,105.3664779663086,75.773705,GRU,4159
2013-12-22 04:20:00+00:00,33.88749151645849,82.52469,GRU,4159
2013-12-22 04:30:00+00:00,48.1848107278347,76.375824,GRU,4159
2013-12-22 04:40:00+00:00,95.22994995117188,74.58448,GRU,4159
2013-12-22 04:50:00+00:00,99.7372817993164,79.93388,GRU,4159
2013-12-22 05:00:00+00:00,50.63374701142311,84.376396,GRU,4159
2013-12-22 05:10:00+00:00,20.005107599496842,80.71899,GRU,4159
2013-12-22 05:20:00+00:00,100.17872619628906,73.89061,GRU,4159
2013-12-22 05:30:00+00:00,52.899002119898796,80.715256,GRU,4159
2013-12-22 05:40:00+00:00,32.69411285718282,77.83377,GRU,4159
2013-12-22 05:50:00+00:00,51.245307967066765,72.982445,GRU,4159
2013-12-22 06:00:00+00:00,106.04290771484375,72.02393,GRU,4159
2013-12-22 06:10:00+00:00,51.63667683303356,79.083725,GRU,4159
2013-12-22 06:20:00+00:00,51.84200659394264,76.020905,GRU,4159
2013-12-22 06:30:00+00:00,55.983711287379265,74.53141,GRU,4159
2013-12-22 06:40:00+00:00,109.82198333740234,73.985794,GRU,4159
2013-12-22 06:50:00+00:00,51.98091892898083,81.53903,GRU,4159
2013-12-22 07:00:00+00:00,41.00720035036405,78.34948,GRU,4159
2013-12-22 07:10:00+00:00,104.10746765136719,75.03856,GRU,4159
2013-12-22 07:20:00+00:00,53.0153122395277,82.01333,GRU,4159
2013-12-22 07:30:00+00:00,113.28871154785156,79.05017,GRU,4159
2013-12-22 07:40:00+00:00,58.09820933640003,86.57543,GRU,4159
2013-12-22 07:50:00+00:00,60.46681599318981,83.68374,GRU,4159
2013-12-22 08:00:00+00:00,115.59712219238281,82.59363,GRU,4159
2013-12-22 08:10:00+00:00,106.62702178955078,89.99436,GRU,4159
2013-12-22 08:20:00+00:00,43.86787994702657,93.94257,GRU,4159
2013-12-22 08:30:00+00:00,61.88733296096325,87.8696,GRU,4159
2013-12-22 08:40:00+00:00,61.76956120459363,86.74867,GRU,4159
2013-12-22 08:50:00+00:00,42.259115668324135,85.2477,GRU,4159
2013-12-22 09:00:00+00:00,39.86204340308905,80.63893,GRU,4159
2013-12-22 09:10:00+00:00,137.70558166503906,76.45513,GRU,4159
2013-12-22 09:20:00+00:00,65.6813959213905,87.56756,GRU,4159
2013-12-22 09:30:00+00:00,35.18904936313629,84.6859,GRU,4159
2013-12-22 09:40:00+00:00,66.88726052641869,79.027306,GRU,4159
2013-12-22 09:50:00+00:00,70.5717996689491,79.79219,GRU,4159
2013-12-22 10:00:00+00:00,38.37280946224928,80.310844,GRU,4159
2013-12-22 10:10:00+00:00,45.23054978468766,75.61577,GRU,4159
2013-12-22 10:20:00+00:00,66.761596116703,73.17077,GRU,4159
2013-12-22 10:30:00+00:00,50.28967716513822,74.17228,GRU,4159
2013-12-22 10:40:00+00:00,38.68873733220001,72.11087,GRU,4159
2013-12-22 10:50:00+00:00,44.47402340173721,68.87742,GRU,4159
2013-12-22 11:00:00+00:00,35.20571384741925,67.219444,GRU,4159
2013-12-22 11:10:00+00:00,34.527475075563416,64.248505,GRU,4159
2013-12-22 11:20:00+00:00,119.35771179199219,61.696022,GRU,4159
2013-12-22 11:30:00+00:00,67.74897012114525,72.329025,GRU,4159
2013-12-22 11:40:00+00:00,45.16588881549736,72.62769,GRU,4159
2013-12-22 11:50:00+00:00,76.02042989432812,70.575035,GRU,4159
2013-12-22 12:00:00+00:00,74.39668217627332,74.138336,GRU,4159
2013-12-22 12:10:00+00:00,94.49623546004295,76.38539,GRU,4159
2013-12-22 12:20:00+00:00,71.26011074023943,81.33904,GRU,4159
2013-12-22 12:30:00+00:00,60.95413173455745,81.7515,GRU,4159
2013-12-22 12:40:00+00:00,40.25806403323077,80.970894,GRU,4159
2013-12-22 12:50:00+00:00,77.10620671510696,77.243095,GRU,4159
2013-12-22 13:00:00+00:00,51.35691215035816,79.842674,GRU,4159
2013-12-22 13:10:00+00:00,46.687260180711746,77.295364,GRU,4159
2013-12-22 13:20:00+00:00,46.97297190843771,74.711655,GRU,4159
2013-12-22 13:30:00+00:00,43.90374929178506,72.56334,GRU,4159
2013-12-22 13:40:00+00:00,46.262033752786614,70.14075,GRU,4159
2013-12-22 13:50:00+00:00,49.769088429398835,68.39999,GRU,4159
2013-12-22 14:00:00+00:00,47.077625088083245,67.38542,GRU,4159
2013-12-22 14:10:00+00:00,32.45902882516384,66.08122,GRU,4159
2013-12-22 14:20:00+00:00,154.62274169921875,62.82622,GRU,4159
2013-12-22 14:30:00+00:00,146.01458740234375,78.68827,GRU,4159
2013-12-22 14:40:00+00:00,34.34293692884967,89.53837,GRU,4159
2013-12-22 14:50:00+00:00,74.7947349101305,82.24801,GRU,4159
2013-12-22 15:00:00+00:00,84.91463474929333,84.85349,GRU,4159
2013-12-22 15:10:00+00:00,27.767394361831247,87.74988,GRU,4159
2013-12-22 15:20:00+00:00,72.13064518896863,80.787346,GRU,4159
2013-12-22 15:30:00+00:00,43.88163459518304,82.40257,GRU,4159
2013-12-22 15:40:00+00:00,67.84255227446556,78.38749,GRU,4159
2013-12-22 15:50:00+00:00,50.59639231581241,78.86079,GRU,4159
2013-12-22 16:00:00+00:00,76.24802407622337,76.16276,GRU,4159
2013-12-22 16:10:00+00:00,70.36407080292702,78.04852,GRU,4159
2013-12-22 16:20:00+00:00,48.67768844900032,78.43053,GRU,4159
2013-12-22 16:30:00+00:00,77.28970341384411,75.63706,GRU,4159
2013-12-22 16:40:00+00:00,64.63897596299648,78.08384,GRU,4159
2013-12-22 16:50:00+00:00,80.3959639519453,77.80207,GRU,4159
2013-12-22 17:00:00+00:00,52.41007121404012,80.205124,GRU,4159
2013-12-22 17:10:00+00:00,73.17204289138317,77.78705,GRU,4159
2013-12-22 17:20:00+00:00,46.57304236510148,79.399605,GRU,4159
2013-12-22 17:30:00+00:00,46.46562367832909,76.325516,GRU,4159
2013-12-22 17:40:00+00:00,70.34112921357155,74.04235,GRU,4159
2013-12-22 17:50:00+00:00,67.75442392285913,75.636375,GRU,4159
2013-12-22 18:00:00+00:00,49.10420633355776,76.14238,GRU,4159
2013-12-22 18:10:00+00:00,34.6418173070997,73.79974,GRU,4159
2013-12-22 18:20:00+00:00,81.42855839431286,69.94415,GRU,4159
2013-12-22 18:30:00+00:00,81.55641941726208,73.97406,GRU,4159
2013-12-22 18:40:00+00:00,72.48949804902077,76.68524,GRU,4159
2013-12-22 18:50:00+00:00,40.45745799690485,77.73891,GRU,4159
2013-12-22 19:00:00+00:00,91.22024545073509,74.06894,GRU,4159
2013-12-22 19:10:00+00:00,159.57093811035156,79.2761,GRU,4159
2013-12-22 19:20:00+00:00,70.49494114844128,93.142,GRU,4159
2013-12-22 19:30:00+00:00,36.293725380441174,90.4615,GRU,4159
2013-12-22 19:40:00+00:00,73.73983769118786,84.81842,GRU,4159
2013-12-22 19:50:00+00:00,167.29193115234375,86.446945,GRU,4159
2013-12-22 20:00:00+00:00,95.16808262793347,100.8764,GRU,4159
2013-12-22 20:10:00+00:00,74.99509212374687,100.518,GRU,4159
2013-12-22 20:20:00+00:00,70.70069828955457,98.6392,GRU,4159
2013-12-22 20:30:00+00:00,63.88875952363014,96.957565,GRU,4159
2013-12-22 20:40:00+00:00,63.819685763679445,94.320465,GRU,4159
2013-12-22 20:50:00+00:00,137.3682098388672,91.84054,GRU,4159
2013-12-22 21:00:00+00:00,67.29208746552467,100.62972,GRU,4159
2013-12-22 21:10:00+00:00,38.764821024922036,96.08874,GRU,4159
2013-12-22 21:20:00+00:00,126.2602767944336,89.22732,GRU,4159
2013-12-22 21:30:00+00:00,45.35097389419874,97.33636,GRU,4159
2013-12-22 21:40:00+00:00,45.589601687155664,90.18641,GRU,4159
2013-12-22 21:50:00+00:00,43.338794521676995,85.561516,GRU,4159
2013-12-22 22:00:00+00:00,41.65367266535759,81.20814,GRU,4159
2013-12-22 22:10:00+00:00,46.5761208627373,76.99222,GRU,4159
2013-12-22 22:20:00+00:00,64.45786229101941,73.97723,GRU,4159
2013-12-22 22:30:00+00:00,138.74734497070312,73.99187,GRU,4159
2013-12-22 22:40:00+00:00,123.02544403076172,85.03469,GRU,4159
2013-12-22 22:50:00+00:00,61.12639608979225,91.35747,GRU,4159
2013-12-22 23:00:00+00:00,40.01823098678142,88.0351,GRU,4159
2013-12-22 23:10:00+00:00,116.97803497314453,83.493454,GRU,4159
2013-12-22 23:20:00+00:00,57.50484409928322,91.66679,GRU,4159
2013-12-22 23:30:00+00:00,35.03863265054921,87.91213,GRU,4159
2013-12-22 23:40:00+00:00,54.21957007050514,82.131355,GRU,4159
2013-12-22 23:50:00+00:00,56.25838080048561,80.42791,GRU,4159
